Workbook
Name f: OFFSET('Xu ly du lieu do'!$G$23,1,0,COUNT('Xu ly du lieu do'!$G$23:$G$10050)-1,1)
Name I_A: OFFSET('Xu ly du lieu do'!$E$23,1,0,COUNT('Xu ly du lieu do'!$E$23:$E$10050)-1,1)
Name P_KW: OFFSET('Xu ly du lieu do'!$I$23,1,0,COUNT('Xu ly du lieu do'!$I$23:$I$10050)-1,1)
Name PF: OFFSET('Xu ly du lieu do'!$H$23,1,0,COUNT('Xu ly du lieu do'!$H$23:$H$10050)-1,1)
Name Q_KVAr: OFFSET('Xu ly du lieu do'!$J$23,1,0,COUNT('Xu ly du lieu do'!$J$23:$J$10050)-1,1)
Name S_KVA: OFFSET('Xu ly du lieu do'!$K$23,1,0,COUNT('Xu ly du lieu do'!$K$23:$K$10050)-1,1)
Name THD_I: OFFSET('Xu ly du lieu do'!$F$23,1,0,COUNT('Xu ly du lieu do'!$F$23:$F$10050)-1,1)
Name THD_U: OFFSET('Xu ly du lieu do'!$D$23,1,0,COUNT('Xu ly du lieu do'!$D$23:$D$10050)-1,1)
Name Time: OFFSET('Xu ly du lieu do'!$B$23,1,0,COUNT('Xu ly du lieu do'!$B$23:$B$10050)-1,1)
Name U_V: OFFSET('Xu ly du lieu do'!$C$23,1,0,COUNT('Xu ly du lieu do'!$C$23:$C$10050)-1,1)
Name Uunb: OFFSET('Xu ly du lieu do'!$L$23,1,0,COUNT('Xu ly du lieu do'!$L$23:$L$10050)-1,1)

Sheet Ket qua do

Sheet Xu ly du lieu do
C1: Uavg [V] | D1: THD_Uavg [%] | E1: Iavg [A] | F1: THD_Iavg [%] | G1: favg [Hz] | H1: Cosϕ [] | I1: Pavg [kW] | J1: Qavg [KVAr] | K1: Savg [KVA] | L1: Uunb [%] | N1: 1Pha | P1: 1Pha - Đo pha A(V) | Q1: UAvg | R1: UTHDA | S1: IA | T1: ITHDA | U1: FAvg | V1: PFA | W1: PA | X1: QA | Y1: SA
C2: =VLOOKUP($C$9,$P$1:$Y$4,2,TRUE) -> #N/A | D2: =VLOOKUP($C$9,$P$1:$Y$4,3,TRUE) -> #N/A | E2: =VLOOKUP($C$9,$P$1:$Y$4,4,TRUE) -> #N/A | F2: =VLOOKUP($C$9,$P$1:$Y$4,5,TRUE) -> #N/A | G2: =VLOOKUP($C$9,$P$1:$Y$4,6,TRUE) -> #N/A | H2: =VLOOKUP($C$9,$P$1:$Y$4,7,TRUE) -> #N/A | I2: =VLOOKUP($C$9,$P$1:$Y$4,8,TRUE) -> #N/A | J2: =VLOOKUP($C$9,$P$1:$Y$4,9,TRUE) -> #N/A | K2: =VLOOKUP($C$9,$P$1:$Y$4,10,TRUE) -> #N/A | L2: UN | N2: 3Pha | P2: 1Pha - Đo pha B(X) | Q2: UAvg | R2: UTHDB | S2: IB | T2: ITHDB | U2: FAvg | V2: PFB | W2: PB | X2: QB | Y2: SB
C3: =HLOOKUP(C2,'Ket qua do'!$E$3:$CE$4,2,FALSE) -> #N/A | D3: =HLOOKUP(D2,'Ket qua do'!$E$3:$CE$4,2,FALSE) -> #N/A | E3: =HLOOKUP(E2,'Ket qua do'!$E$3:$CE$4,2,FALSE) -> #N/A | F3: =HLOOKUP(F2,'Ket qua do'!$E$3:$CE$4,2,FALSE) -> #N/A | G3: =HLOOKUP(G2,'Ket qua do'!$E$3:$CE$4,2,FALSE) -> #N/A | H3: =HLOOKUP(H2,'Ket qua do'!$E$3:$CE$4,2,FALSE) -> #N/A | I3: =HLOOKUP(I2,'Ket qua do'!$E$3:$CE$4,2,FALSE) -> #N/A | J3: =HLOOKUP(J2,'Ket qua do'!$E$3:$CE$4,2,FALSE) -> #N/A | ... L3: =HLOOKUP(L2,'Ket qua do'!$E$3:$CE$4,2,FALSE) -> #N/A | P3: 1Pha - Đo pha C(Đ) | Q3: UAvg | R3: UTHDC | S3: IC | T3: ITHDC | U3: FAvg | V3: PFC | W3: PC | X3: QC | Y3: SC
A4: STT | C4: 1 | P4: Đo 3pha | Q4: UAvg | R4: UTHDAvg | S4: IAvg | T4: ITHDAvg | U4: FAvg | V4: PFTotal | W4: PSum | X4: QSum | Y4: SSum
A5: Tên máy/ Vị trí đo | C5: =VLOOKUP(C4,'Ghi chep do'!A3:F22,2,TRUE) -> 0
A6: Loại tải | C6: =VLOOKUP(C4,'Ghi chep do'!A3:F22,3,TRUE) -> 0
A7: Thời gian đo | B7: Từ | C7: =VLOOKUP(C4,'Ghi chep do'!A3:F22,5,TRUE) -> 0 | D7: =INDEX('Ket qua do'!C1:C50000,C7) -> 0 | E7: =VLOOKUP(D7,'Ket qua do'!$C$5:$D$50000,2,TRUE) -> #N/A
B8: Đến | C8: =VLOOKUP(C4,'Ghi chep do'!A3:F22,6,TRUE) -> 0 | D8: =INDEX('Ket qua do'!C1:C50000,C8) -> 0 | E8: =VLOOKUP(D8,'Ket qua do'!$C$5:$D$50000,2,TRUE) -> #N/A
A9: Phương pháp đo | C9: =VLOOKUP(C4,'Ghi chep do'!A3:F22,4,TRUE) -> 0 | E9: =IF(OR(C6=N1,AND(C6=N2,C9=P4)),1,3)*C11*C12 -> 0
A10: Tổng số điểm đo | C10: =COUNT(A24:A50003)+18 -> 18
A11: VT | C11: =VLOOKUP(C4,'Ghi chep do'!A3:H22,7,TRUE) -> 0
A12: CT | C12: =VLOOKUP(C4,'Ghi chep do'!A3:H22,8,TRUE) -> 0
B17: ="Bảng tổng hợp dữ liệu đo điện tại: "&C5 -> Bảng tổng hợp dữ liệu đo điện tại: 0
B18: Thông số | C18: Uavg [V] | D18: THD_Uavg [%] | E18: =L23 -> Uunb [%] | F18: Iavg [A] | G18: THD_Iavg [%] | H18: favg [Hz] | I18: Cosϕ [] | J18: Pavg [kW] | K18: Qavg [KVAr] | L18: Savg [KVA]
B19: Avg | C19: =AVERAGE(C24:C10042) -> #N/A | D19: =AVERAGE(D24:D10042) -> #N/A | E19: =AVERAGE(L24:L10042) -> #N/A | F19: =AVERAGE(E24:E10042) -> #N/A | G19: =AVERAGE(F24:F10042) -> #N/A | H19: =AVERAGE(G24:G10042) -> #N/A | I19: =AVERAGE(H24:H10042) -> #N/A | J19: =AVERAGE(I24:I10042) -> #N/A | K19: =AVERAGE(J24:J10042) -> #N/A | L19: =AVERAGE(K24:K10042) -> #N/A
B20: Min | C20: =MIN(C24:C10042) -> #N/A | D20: =MIN(D24:D10042) -> #N/A | E20: =MIN(L24:L10042) -> #N/A | F20: =MIN(E24:E10042) -> #N/A | G20: =MIN(F24:F10042) -> #N/A | H20: =MIN(G24:G10042) -> #N/A | I20: =MIN(H24:H10042) -> #N/A | J20: =MIN(I24:I10042) -> #N/A | K20: =MIN(J24:J10042) -> #N/A | L20: =MIN(K24:K10042) -> #N/A
B21: Max | C21: =MAX(C24:C10042) -> #N/A | D21: =MAX(D24:D10042) -> #N/A | E21: =MAX(L24:L10042) -> #N/A | F21: =MAX(E24:E10042) -> #N/A | G21: =MAX(F24:F10042) -> #N/A | H21: =MAX(G24:G10042) -> #N/A | I21: =MAX(H24:H10042) -> #N/A | J21: =MAX(I24:I10042) -> #N/A | K21: =MAX(J24:J10042) -> #N/A | L21: =MAX(K24:K10042) -> #N/A
A23: STT | B23: Time | C23: Uavg [V] | D23: THD_Uavg [%] | E23: Iavg [A] | F23: THD_Iavg [%] | G23: favg [Hz] | H23: Cosϕ [] | I23: PΣ3P [kW] | J23: Q3P [KVAr] | K23: S3P [KVA] | L23: Uunb [%]
A24: =E7 -> #N/A | B24: =IF(A24<>"",VLOOKUP(A24,'Ket qua do'!$B$5:$CE$50000,2,TRUE),"") -> #N/A | C24: =IF(A24<>"",VLOOKUP(B24,'Ket qua do'!$C$5:$AP$50000,$C$3,TRUE)*SQRT(3)*$C$11,"") -> #N/A | D24: =IF(A24<>"",VLOOKUP(B24,'Ket qua do'!$C$5:$AP$50000,$D$3,TRUE),"") -> #N/A | E24: =IF(A24<>"",VLOOKUP(B24,'Ket qua do'!$C$5:$AP$50000,$E$3,TRUE)*$C$12,"") -> #N/A | F24: =IF(A24<>"",VLOOKUP(B24,'Ket qua do'!$C$5:$AP$50000,$F$3,TRUE),"") -> #N/A | G24: =IF(A24<>"",VLOOKUP(B24,'Ket qua do'!$C$5:$AP$50000,$G$3,TRUE),"") -> #N/A | H24: =IF(A24<>"",VLOOKUP(B24,'Ket qua do'!$C$5:$AP$50000,$H$3,TRUE),"") -> #N/A | I24: =IF(A24<>"",VLOOKUP(B24,'Ket qua do'!$C$5:$AP$50000,$I$3,TRUE)*$E$9/1000,"") -> #N/A | J24: =IF(A24<>"",VLOOKUP(B24,'Ket qua do'!$C$5:$AP$50000,$J$3,TRUE)*$E$9/1000,"") -> #N/A | K24: =IF(A24<>"",VLOOKUP(B24,'Ket qua do'!$C$5:$AP$50000,$K$3,TRUE)*$E$9/1000,"") -> #N/A | L24: =IF(A24<>"",VLOOKUP(B24,'Ket qua do'!$C$5:$AP$50000,$L$3,TRUE),"") -> #N/A
A25: =IF(A24<$E$8,A24+1,"") -> #N/A | B25: =IF(A25<>"",VLOOKUP(A25,'Ket qua do'!$B$5:$CE$50000,2,TRUE),"") -> #N/A | C25: =IF(A25<>"",VLOOKUP(B25,'Ket qua do'!$C$5:$AP$50000,$C$3,TRUE)*SQRT(3)*$C$11,"") -> #N/A | D25: =IF(A25<>"",VLOOKUP(B25,'Ket qua do'!$C$5:$AP$50000,$D$3,TRUE),"") -> #N/A | E25: =IF(A25<>"",VLOOKUP(B25,'Ket qua do'!$C$5:$AP$50000,$E$3,TRUE)*$C$12,"") -> #N/A | F25: =IF(A25<>"",VLOOKUP(B25,'Ket qua do'!$C$5:$AP$50000,$F$3,TRUE),"") -> #N/A | G25: =IF(A25<>"",VLOOKUP(B25,'Ket qua do'!$C$5:$AP$50000,$G$3,TRUE),"") -> #N/A | H25: =IF(A25<>"",VLOOKUP(B25,'Ket qua do'!$C$5:$AP$50000,$H$3,TRUE),"") -> #N/A | I25: =IF(A25<>"",VLOOKUP(B25,'Ket qua do'!$C$5:$AP$50000,$I$3,TRUE)*$E$9/1000,"") -> #N/A | J25: =IF(A25<>"",VLOOKUP(B25,'Ket qua do'!$C$5:$AP$50000,$J$3,TRUE)*$E$9/1000,"") -> #N/A | K25: =IF(A25<>"",VLOOKUP(B25,'Ket qua do'!$C$5:$AP$50000,$K$3,TRUE)*$E$9/1000,"") -> #N/A | L25: =IF(A25<>"",VLOOKUP(B25,'Ket qua do'!$C$5:$AP$50000,$L$3,TRUE),"") -> #N/A
A26: =IF(A25<$E$8,A25+1,"") -> #N/A | B26: =IF(A26<>"",VLOOKUP(A26,'Ket qua do'!$B$5:$CE$50000,2,TRUE),"") -> #N/A | C26: =IF(A26<>"",VLOOKUP(B26,'Ket qua do'!$C$5:$AP$50000,$C$3,TRUE)*SQRT(3)*$C$11,"") -> #N/A | D26: =IF(A26<>"",VLOOKUP(B26,'Ket qua do'!$C$5:$AP$50000,$D$3,TRUE),"") -> #N/A | E26: =IF(A26<>"",VLOOKUP(B26,'Ket qua do'!$C$5:$AP$50000,$E$3,TRUE)*$C$12,"") -> #N/A | F26: =IF(A26<>"",VLOOKUP(B26,'Ket qua do'!$C$5:$AP$50000,$F$3,TRUE),"") -> #N/A | G26: =IF(A26<>"",VLOOKUP(B26,'Ket qua do'!$C$5:$AP$50000,$G$3,TRUE),"") -> #N/A | H26: =IF(A26<>"",VLOOKUP(B26,'Ket qua do'!$C$5:$AP$50000,$H$3,TRUE),"") -> #N/A | I26: =IF(A26<>"",VLOOKUP(B26,'Ket qua do'!$C$5:$AP$50000,$I$3,TRUE)*$E$9/1000,"") -> #N/A | J26: =IF(A26<>"",VLOOKUP(B26,'Ket qua do'!$C$5:$AP$50000,$J$3,TRUE)*$E$9/1000,"") -> #N/A | K26: =IF(A26<>"",VLOOKUP(B26,'Ket qua do'!$C$5:$AP$50000,$K$3,TRUE)*$E$9/1000,"") -> #N/A | L26: =IF(A26<>"",VLOOKUP(B26,'Ket qua do'!$C$5:$AP$50000,$L$3,TRUE),"") -> #N/A
A27: =IF(A26<$E$8,A26+1,"") -> #N/A | B27: =IF(A27<>"",VLOOKUP(A27,'Ket qua do'!$B$5:$CE$50000,2,TRUE),"") -> #N/A | C27: =IF(A27<>"",VLOOKUP(B27,'Ket qua do'!$C$5:$AP$50000,$C$3,TRUE)*SQRT(3)*$C$11,"") -> #N/A | D27: =IF(A27<>"",VLOOKUP(B27,'Ket qua do'!$C$5:$AP$50000,$D$3,TRUE),"") -> #N/A | E27: =IF(A27<>"",VLOOKUP(B27,'Ket qua do'!$C$5:$AP$50000,$E$3,TRUE)*$C$12,"") -> #N/A | F27: =IF(A27<>"",VLOOKUP(B27,'Ket qua do'!$C$5:$AP$50000,$F$3,TRUE),"") -> #N/A | G27: =IF(A27<>"",VLOOKUP(B27,'Ket qua do'!$C$5:$AP$50000,$G$3,TRUE),"") -> #N/A | H27: =IF(A27<>"",VLOOKUP(B27,'Ket qua do'!$C$5:$AP$50000,$H$3,TRUE),"") -> #N/A | I27: =IF(A27<>"",VLOOKUP(B27,'Ket qua do'!$C$5:$AP$50000,$I$3,TRUE)*$E$9/1000,"") -> #N/A | J27: =IF(A27<>"",VLOOKUP(B27,'Ket qua do'!$C$5:$AP$50000,$J$3,TRUE)*$E$9/1000,"") -> #N/A | K27: =IF(A27<>"",VLOOKUP(B27,'Ket qua do'!$C$5:$AP$50000,$K$3,TRUE)*$E$9/1000,"") -> #N/A | L27: =IF(A27<>"",VLOOKUP(B27,'Ket qua do'!$C$5:$AP$50000,$L$3,TRUE),"") -> #N/A
A28: =IF(A27<$E$8,A27+1,"") -> #N/A | B28: =IF(A28<>"",VLOOKUP(A28,'Ket qua do'!$B$5:$CE$50000,2,TRUE),"") -> #N/A | C28: =IF(A28<>"",VLOOKUP(B28,'Ket qua do'!$C$5:$AP$50000,$C$3,TRUE)*SQRT(3)*$C$11,"") -> #N/A | D28: =IF(A28<>"",VLOOKUP(B28,'Ket qua do'!$C$5:$AP$50000,$D$3,TRUE),"") -> #N/A | E28: =IF(A28<>"",VLOOKUP(B28,'Ket qua do'!$C$5:$AP$50000,$E$3,TRUE)*$C$12,"") -> #N/A | F28: =IF(A28<>"",VLOOKUP(B28,'Ket qua do'!$C$5:$AP$50000,$F$3,TRUE),"") -> #N/A | G28: =IF(A28<>"",VLOOKUP(B28,'Ket qua do'!$C$5:$AP$50000,$G$3,TRUE),"") -> #N/A | H28: =IF(A28<>"",VLOOKUP(B28,'Ket qua do'!$C$5:$AP$50000,$H$3,TRUE),"") -> #N/A | I28: =IF(A28<>"",VLOOKUP(B28,'Ket qua do'!$C$5:$AP$50000,$I$3,TRUE)*$E$9/1000,"") -> #N/A | J28: =IF(A28<>"",VLOOKUP(B28,'Ket qua do'!$C$5:$AP$50000,$J$3,TRUE)*$E$9/1000,"") -> #N/A | K28: =IF(A28<>"",VLOOKUP(B28,'Ket qua do'!$C$5:$AP$50000,$K$3,TRUE)*$E$9/1000,"") -> #N/A | L28: =IF(A28<>"",VLOOKUP(B28,'Ket qua do'!$C$5:$AP$50000,$L$3,TRUE),"") -> #N/A
A29: =IF(A28<$E$8,A28+1,"") -> #N/A | B29: =IF(A29<>"",VLOOKUP(A29,'Ket qua do'!$B$5:$CE$50000,2,TRUE),"") -> #N/A | C29: =IF(A29<>"",VLOOKUP(B29,'Ket qua do'!$C$5:$AP$50000,$C$3,TRUE)*SQRT(3)*$C$11,"") -> #N/A | D29: =IF(A29<>"",VLOOKUP(B29,'Ket qua do'!$C$5:$AP$50000,$D$3,TRUE),"") -> #N/A | E29: =IF(A29<>"",VLOOKUP(B29,'Ket qua do'!$C$5:$AP$50000,$E$3,TRUE)*$C$12,"") -> #N/A | F29: =IF(A29<>"",VLOOKUP(B29,'Ket qua do'!$C$5:$AP$50000,$F$3,TRUE),"") -> #N/A | G29: =IF(A29<>"",VLOOKUP(B29,'Ket qua do'!$C$5:$AP$50000,$G$3,TRUE),"") -> #N/A | H29: =IF(A29<>"",VLOOKUP(B29,'Ket qua do'!$C$5:$AP$50000,$H$3,TRUE),"") -> #N/A | I29: =IF(A29<>"",VLOOKUP(B29,'Ket qua do'!$C$5:$AP$50000,$I$3,TRUE)*$E$9/1000,"") -> #N/A | J29: =IF(A29<>"",VLOOKUP(B29,'Ket qua do'!$C$5:$AP$50000,$J$3,TRUE)*$E$9/1000,"") -> #N/A | K29: =IF(A29<>"",VLOOKUP(B29,'Ket qua do'!$C$5:$AP$50000,$K$3,TRUE)*$E$9/1000,"") -> #N/A | L29: =IF(A29<>"",VLOOKUP(B29,'Ket qua do'!$C$5:$AP$50000,$L$3,TRUE),"") -> #N/A
A30: =IF(A29<$E$8,A29+1,"") -> #N/A | B30: =IF(A30<>"",VLOOKUP(A30,'Ket qua do'!$B$5:$CE$50000,2,TRUE),"") -> #N/A | C30: =IF(A30<>"",VLOOKUP(B30,'Ket qua do'!$C$5:$AP$50000,$C$3,TRUE)*SQRT(3)*$C$11,"") -> #N/A | D30: =IF(A30<>"",VLOOKUP(B30,'Ket qua do'!$C$5:$AP$50000,$D$3,TRUE),"") -> #N/A | E30: =IF(A30<>"",VLOOKUP(B30,'Ket qua do'!$C$5:$AP$50000,$E$3,TRUE)*$C$12,"") -> #N/A | F30: =IF(A30<>"",VLOOKUP(B30,'Ket qua do'!$C$5:$AP$50000,$F$3,TRUE),"") -> #N/A | G30: =IF(A30<>"",VLOOKUP(B30,'Ket qua do'!$C$5:$AP$50000,$G$3,TRUE),"") -> #N/A | H30: =IF(A30<>"",VLOOKUP(B30,'Ket qua do'!$C$5:$AP$50000,$H$3,TRUE),"") -> #N/A | I30: =IF(A30<>"",VLOOKUP(B30,'Ket qua do'!$C$5:$AP$50000,$I$3,TRUE)*$E$9/1000,"") -> #N/A | J30: =IF(A30<>"",VLOOKUP(B30,'Ket qua do'!$C$5:$AP$50000,$J$3,TRUE)*$E$9/1000,"") -> #N/A | K30: =IF(A30<>"",VLOOKUP(B30,'Ket qua do'!$C$5:$AP$50000,$K$3,TRUE)*$E$9/1000,"") -> #N/A | L30: =IF(A30<>"",VLOOKUP(B30,'Ket qua do'!$C$5:$AP$50000,$L$3,TRUE),"") -> #N/A
A31: =IF(A30<$E$8,A30+1,"") -> #N/A | B31: =IF(A31<>"",VLOOKUP(A31,'Ket qua do'!$B$5:$CE$50000,2,TRUE),"") -> #N/A | C31: =IF(A31<>"",VLOOKUP(B31,'Ket qua do'!$C$5:$AP$50000,$C$3,TRUE)*SQRT(3)*$C$11,"") -> #N/A | D31: =IF(A31<>"",VLOOKUP(B31,'Ket qua do'!$C$5:$AP$50000,$D$3,TRUE),"") -> #N/A | E31: =IF(A31<>"",VLOOKUP(B31,'Ket qua do'!$C$5:$AP$50000,$E$3,TRUE)*$C$12,"") -> #N/A | F31: =IF(A31<>"",VLOOKUP(B31,'Ket qua do'!$C$5:$AP$50000,$F$3,TRUE),"") -> #N/A | G31: =IF(A31<>"",VLOOKUP(B31,'Ket qua do'!$C$5:$AP$50000,$G$3,TRUE),"") -> #N/A | H31: =IF(A31<>"",VLOOKUP(B31,'Ket qua do'!$C$5:$AP$50000,$H$3,TRUE),"") -> #N/A | I31: =IF(A31<>"",VLOOKUP(B31,'Ket qua do'!$C$5:$AP$50000,$I$3,TRUE)*$E$9/1000,"") -> #N/A | J31: =IF(A31<>"",VLOOKUP(B31,'Ket qua do'!$C$5:$AP$50000,$J$3,TRUE)*$E$9/1000,"") -> #N/A | K31: =IF(A31<>"",VLOOKUP(B31,'Ket qua do'!$C$5:$AP$50000,$K$3,TRUE)*$E$9/1000,"") -> #N/A | L31: =IF(A31<>"",VLOOKUP(B31,'Ket qua do'!$C$5:$AP$50000,$L$3,TRUE),"") -> #N/A
A32: =IF(A31<$E$8,A31+1,"") -> #N/A | B32: =IF(A32<>"",VLOOKUP(A32,'Ket qua do'!$B$5:$CE$50000,2,TRUE),"") -> #N/A | C32: =IF(A32<>"",VLOOKUP(B32,'Ket qua do'!$C$5:$AP$50000,$C$3,TRUE)*SQRT(3)*$C$11,"") -> #N/A | D32: =IF(A32<>"",VLOOKUP(B32,'Ket qua do'!$C$5:$AP$50000,$D$3,TRUE),"") -> #N/A | E32: =IF(A32<>"",VLOOKUP(B32,'Ket qua do'!$C$5:$AP$50000,$E$3,TRUE)*$C$12,"") -> #N/A | F32: =IF(A32<>"",VLOOKUP(B32,'Ket qua do'!$C$5:$AP$50000,$F$3,TRUE),"") -> #N/A | G32: =IF(A32<>"",VLOOKUP(B32,'Ket qua do'!$C$5:$AP$50000,$G$3,TRUE),"") -> #N/A | H32: =IF(A32<>"",VLOOKUP(B32,'Ket qua do'!$C$5:$AP$50000,$H$3,TRUE),"") -> #N/A | I32: =IF(A32<>"",VLOOKUP(B32,'Ket qua do'!$C$5:$AP$50000,$I$3,TRUE)*$E$9/1000,"") -> #N/A | J32: =IF(A32<>"",VLOOKUP(B32,'Ket qua do'!$C$5:$AP$50000,$J$3,TRUE)*$E$9/1000,"") -> #N/A | K32: =IF(A32<>"",VLOOKUP(B32,'Ket qua do'!$C$5:$AP$50000,$K$3,TRUE)*$E$9/1000,"") -> #N/A | L32: =IF(A32<>"",VLOOKUP(B32,'Ket qua do'!$C$5:$AP$50000,$L$3,TRUE),"") -> #N/A
A33: =IF(A32<$E$8,A32+1,"") -> #N/A | B33: =IF(A33<>"",VLOOKUP(A33,'Ket qua do'!$B$5:$CE$50000,2,TRUE),"") -> #N/A | C33: =IF(A33<>"",VLOOKUP(B33,'Ket qua do'!$C$5:$AP$50000,$C$3,TRUE)*SQRT(3)*$C$11,"") -> #N/A | D33: =IF(A33<>"",VLOOKUP(B33,'Ket qua do'!$C$5:$AP$50000,$D$3,TRUE),"") -> #N/A | E33: =IF(A33<>"",VLOOKUP(B33,'Ket qua do'!$C$5:$AP$50000,$E$3,TRUE)*$C$12,"") -> #N/A | F33: =IF(A33<>"",VLOOKUP(B33,'Ket qua do'!$C$5:$AP$50000,$F$3,TRUE),"") -> #N/A | G33: =IF(A33<>"",VLOOKUP(B33,'Ket qua do'!$C$5:$AP$50000,$G$3,TRUE),"") -> #N/A | H33: =IF(A33<>"",VLOOKUP(B33,'Ket qua do'!$C$5:$AP$50000,$H$3,TRUE),"") -> #N/A | I33: =IF(A33<>"",VLOOKUP(B33,'Ket qua do'!$C$5:$AP$50000,$I$3,TRUE)*$E$9/1000,"") -> #N/A | J33: =IF(A33<>"",VLOOKUP(B33,'Ket qua do'!$C$5:$AP$50000,$J$3,TRUE)*$E$9/1000,"") -> #N/A | K33: =IF(A33<>"",VLOOKUP(B33,'Ket qua do'!$C$5:$AP$50000,$K$3,TRUE)*$E$9/1000,"") -> #N/A | L33: =IF(A33<>"",VLOOKUP(B33,'Ket qua do'!$C$5:$AP$50000,$L$3,TRUE),"") -> #N/A
A34: =IF(A33<$E$8,A33+1,"") -> #N/A | B34: =IF(A34<>"",VLOOKUP(A34,'Ket qua do'!$B$5:$CE$50000,2,TRUE),"") -> #N/A | C34: =IF(A34<>"",VLOOKUP(B34,'Ket qua do'!$C$5:$AP$50000,$C$3,TRUE)*SQRT(3)*$C$11,"") -> #N/A | D34: =IF(A34<>"",VLOOKUP(B34,'Ket qua do'!$C$5:$AP$50000,$D$3,TRUE),"") -> #N/A | E34: =IF(A34<>"",VLOOKUP(B34,'Ket qua do'!$C$5:$AP$50000,$E$3,TRUE)*$C$12,"") -> #N/A | F34: =IF(A34<>"",VLOOKUP(B34,'Ket qua do'!$C$5:$AP$50000,$F$3,TRUE),"") -> #N/A | G34: =IF(A34<>"",VLOOKUP(B34,'Ket qua do'!$C$5:$AP$50000,$G$3,TRUE),"") -> #N/A | H34: =IF(A34<>"",VLOOKUP(B34,'Ket qua do'!$C$5:$AP$50000,$H$3,TRUE),"") -> #N/A | I34: =IF(A34<>"",VLOOKUP(B34,'Ket qua do'!$C$5:$AP$50000,$I$3,TRUE)*$E$9/1000,"") -> #N/A | J34: =IF(A34<>"",VLOOKUP(B34,'Ket qua do'!$C$5:$AP$50000,$J$3,TRUE)*$E$9/1000,"") -> #N/A | K34: =IF(A34<>"",VLOOKUP(B34,'Ket qua do'!$C$5:$AP$50000,$K$3,TRUE)*$E$9/1000,"") -> #N/A | L34: =IF(A34<>"",VLOOKUP(B34,'Ket qua do'!$C$5:$AP$50000,$L$3,TRUE),"") -> #N/A
A35: =IF(A34<$E$8,A34+1,"") -> #N/A | B35: =IF(A35<>"",VLOOKUP(A35,'Ket qua do'!$B$5:$CE$50000,2,TRUE),"") -> #N/A | C35: =IF(A35<>"",VLOOKUP(B35,'Ket qua do'!$C$5:$AP$50000,$C$3,TRUE)*SQRT(3)*$C$11,"") -> #N/A | D35: =IF(A35<>"",VLOOKUP(B35,'Ket qua do'!$C$5:$AP$50000,$D$3,TRUE),"") -> #N/A | E35: =IF(A35<>"",VLOOKUP(B35,'Ket qua do'!$C$5:$AP$50000,$E$3,TRUE)*$C$12,"") -> #N/A | F35: =IF(A35<>"",VLOOKUP(B35,'Ket qua do'!$C$5:$AP$50000,$F$3,TRUE),"") -> #N/A | G35: =IF(A35<>"",VLOOKUP(B35,'Ket qua do'!$C$5:$AP$50000,$G$3,TRUE),"") -> #N/A | H35: =IF(A35<>"",VLOOKUP(B35,'Ket qua do'!$C$5:$AP$50000,$H$3,TRUE),"") -> #N/A | I35: =IF(A35<>"",VLOOKUP(B35,'Ket qua do'!$C$5:$AP$50000,$I$3,TRUE)*$E$9/1000,"") -> #N/A | J35: =IF(A35<>"",VLOOKUP(B35,'Ket qua do'!$C$5:$AP$50000,$J$3,TRUE)*$E$9/1000,"") -> #N/A | K35: =IF(A35<>"",VLOOKUP(B35,'Ket qua do'!$C$5:$AP$50000,$K$3,TRUE)*$E$9/1000,"") -> #N/A | L35: =IF(A35<>"",VLOOKUP(B35,'Ket qua do'!$C$5:$AP$50000,$L$3,TRUE),"") -> #N/A
A36: =IF(A35<$E$8,A35+1,"") -> #N/A | B36: =IF(A36<>"",VLOOKUP(A36,'Ket qua do'!$B$5:$CE$50000,2,TRUE),"") -> #N/A | C36: =IF(A36<>"",VLOOKUP(B36,'Ket qua do'!$C$5:$AP$50000,$C$3,TRUE)*SQRT(3)*$C$11,"") -> #N/A | D36: =IF(A36<>"",VLOOKUP(B36,'Ket qua do'!$C$5:$AP$50000,$D$3,TRUE),"") -> #N/A | E36: =IF(A36<>"",VLOOKUP(B36,'Ket qua do'!$C$5:$AP$50000,$E$3,TRUE)*$C$12,"") -> #N/A | F36: =IF(A36<>"",VLOOKUP(B36,'Ket qua do'!$C$5:$AP$50000,$F$3,TRUE),"") -> #N/A | G36: =IF(A36<>"",VLOOKUP(B36,'Ket qua do'!$C$5:$AP$50000,$G$3,TRUE),"") -> #N/A | H36: =IF(A36<>"",VLOOKUP(B36,'Ket qua do'!$C$5:$AP$50000,$H$3,TRUE),"") -> #N/A | I36: =IF(A36<>"",VLOOKUP(B36,'Ket qua do'!$C$5:$AP$50000,$I$3,TRUE)*$E$9/1000,"") -> #N/A | J36: =IF(A36<>"",VLOOKUP(B36,'Ket qua do'!$C$5:$AP$50000,$J$3,TRUE)*$E$9/1000,"") -> #N/A | K36: =IF(A36<>"",VLOOKUP(B36,'Ket qua do'!$C$5:$AP$50000,$K$3,TRUE)*$E$9/1000,"") -> #N/A | L36: =IF(A36<>"",VLOOKUP(B36,'Ket qua do'!$C$5:$AP$50000,$L$3,TRUE),"") -> #N/A
... A10053: =IF(A10052<$E$8,A10052+1,"") -> #N/A | B10053: =IF(A10053<>"",VLOOKUP(A10053,'Ket qua do'!$B$5:$CE$50000,2,TRUE),"") -> #N/A | C10053: =IF(A10053<>"",VLOOKUP(B10053,'Ket qua do'!$C$5:$AP$50000,$C$3,TRUE)*SQRT(3)*$C$11,"") -> #N/A | D10053: =IF(A10053<>"",VLOOKUP(B10053,'Ket qua do'!$C$5:$AP$50000,$D$3,TRUE),"") -> #N/A | E10053: =IF(A10053<>"",VLOOKUP(B10053,'Ket qua do'!$C$5:$AP$50000,$E$3,TRUE)*$C$12,"") -> #N/A | F10053: =IF(A10053<>"",VLOOKUP(B10053,'Ket qua do'!$C$5:$AP$50000,$F$3,TRUE),"") -> #N/A | G10053: =IF(A10053<>"",VLOOKUP(B10053,'Ket qua do'!$C$5:$AP$50000,$G$3,TRUE),"") -> #N/A | H10053: =IF(A10053<>"",VLOOKUP(B10053,'Ket qua do'!$C$5:$AP$50000,$H$3,TRUE),"") -> #N/A | I10053: =IF(A10053<>"",VLOOKUP(B10053,'Ket qua do'!$C$5:$AP$50000,$I$3,TRUE)*$E$9/1000,"") -> #N/A | J10053: =IF(A10053<>"",VLOOKUP(B10053,'Ket qua do'!$C$5:$AP$50000,$J$3,TRUE)*$E$9/1000,"") -> #N/A | K10053: =IF(A10053<>"",VLOOKUP(B10053,'Ket qua do'!$C$5:$AP$50000,$K$3,TRUE)*$E$9/1000,"") -> #N/A | L10053: =IF(A10053<>"",VLOOKUP(B10053,'Ket qua do'!$C$5:$AP$50000,$L$3,TRUE),"") -> #N/A

Sheet Ghi chep do
A1: STT | B1: Tên thiết bị/ điểm đo | C1: Loại tải | D1: Phương pháp đo | E1: Thời gian đo | G1: VT | H1: CT
E2: Từ | F2: Đến | G2: VT | H2: CT
A3: 1
A4: 2
A5: 3
A6: 4
A7: 5
A8: 6
A9: 7
A10: 8
A11: 9
A12: 10
A13: 11
A14: 12
... A22: 20
